<?xml version='1.0' standalone='yes'?>
<category>
    <db_connect>
		<note>
			#############################################################################
			#	HINWEIS: config_default.xml:	                                    # 
			#	Wenn neue Paramter in dieser Vorlage ergänzt werden, dann muss auch #
			#       die Methode installer->createNewConfigXml angepasst werden!         #
			#############################################################################
		</note>
		#dbms: 
		# Name des Datenbanksystems. Gültige Werte ergeben sich anhand der verfügbaren
		# DB-Konnektoren im Verzeichnis ../appms/controller/model/ .
		# Bsp.: postgresql | mysql
        <dbms>postgresql</dbms>	
		
		#host:
		# IP oder URL des Webserver. In der Regel kann hier "localhost" verwendet werden.
        <host>localhost</host>
		
		#port:
		# port über den das DBMS angesprochen wird.
        <port>5432</port>
		
		#dbname:
		# Bei manchen DBMS, wie bspw. mysql und maria-db, entspricht dbname dem Schemaname
        <dbname>my_database</dbname>
		
		#encoding:
		# Bei postgres ist es mögliche eine Codierung zu wählen. 
		# Sie können aus den folgenden Kodierungen wählen: SQL_ASCII, EUC_JP, EUC_CN, EUC_KR, EUC_TW, UNICODE, MULE_INTERNAL, LATINX (X=1...9), KOI8, WIN, ALT, SJIS, BIG5 or WIN1250. 
		# Wenn der Parameter auskommentiert ist, dann wird "UNICODE" verwendet.
        # <encoding>UNICODE</encoding>
		
		#user:
		# Datenbankbenutzer, mit dem die Verbindung aufgebaut werden kann. Der Benutzer muss folgende Rechte haben:
		# create schema
		# insert, update, delete und select im selbst erstellten schema
        <user>my_user</user>
		
		#password:
		# Datenbankpasswort für user.
                # Das Passwort kann unverschlüsselt eingetragen werden. Ab der ersten Nutzung wird es automatisch verschlüsselt.
        <password>my_password</password>
    </db_connect>
</category>
